gml_id,demande
iris.12,50
iris.15,50
iris.17,50
iris.33,50
iris.70,50
iris.54,50
iris.86,50
iris.67,50
iris.164,50
iris.4,50
iris.63,50
iris.101,50
iris.103,50
iris.110,50
iris.111,50
iris.125,50
iris.129,50
iris.133,50
iris.136,50
iris.137,50
iris.138,50
iris.146,50
iris.119,50
iris.160,50
iris.162,50
iris.95,50
iris.167,50
iris.80,50
iris.116,50
iris.169,50
iris.171,50
iris.147,50
iris.165,50
iris.8,50
iris.142,50
iris.144,50
iris.145,50
iris.151,50
iris.154,50
iris.6,50
iris.10,50
iris.11,50
iris.18,50
iris.40,50
iris.46,50
iris.57,50
iris.60,50
iris.65,50
iris.87,50
iris.52,50
iris.69,50
iris.72,50
iris.75,50
iris.3,50
iris.172,50
iris.77,50
iris.81,50
iris.58,50
iris.90,50
iris.131,50
iris.135,50
iris.25,50
iris.118,50
iris.163,50
iris.21,50
iris.39,50
iris.85,50
iris.61,50
iris.126,50
iris.41,50
iris.71,50
iris.5,50
iris.7,50
iris.9,50
iris.29,50
iris.13,50
iris.19,50
iris.27,50
iris.28,50
iris.43,50
iris.51,50
iris.91,50
iris.82,50
iris.97,50
iris.105,50
iris.106,50
iris.117,50
iris.120,50
iris.114,50
iris.143,50
iris.48,50
iris.109,50
iris.121,50
iris.157,50
iris.22,50
iris.23,50
iris.34,50
iris.156,50
iris.2,50
iris.47,50
iris.68,50
iris.50,50
iris.102,50
iris.36,50
iris.16,50
iris.24,50
iris.30,50
iris.31,50
iris.59,50
iris.96,50
iris.73,50
iris.49,50
iris.26,50
iris.76,50
iris.89,50
iris.92,50
iris.64,50
iris.84,50
iris.108,50
iris.112,50
iris.127,50
iris.104,50
iris.130,50
iris.141,50
iris.93,50
iris.148,50
iris.45,50
iris.158,50
iris.161,50
iris.20,50
iris.113,50
iris.170,50
iris.35,50
iris.37,50
iris.88,50
iris.1,50
iris.32,50
iris.38,50
iris.42,50
iris.83,50
iris.53,50
iris.56,50
iris.62,50
iris.44,50
iris.100,50
iris.74,50
iris.107,50
iris.115,50
iris.123,50
iris.128,50
iris.139,50
iris.140,50
iris.149,50
iris.122,50
iris.55,50
iris.14,50
iris.150,50
iris.153,50
iris.155,50
iris.159,50
iris.166,50
iris.132,50
iris.66,50
iris.78,50
iris.79,50
iris.168,50
iris.134,50
iris.152,50
iris.94,50
iris.98,50
iris.99,50
iris.124,50
